product_id,product_name,category,series_id,launch_date,price,cost,material,color,style,size,weight,feature_tags,target_user,platform,views,clicks,consultations,conversions,revenue,refund_count,review_count,avg_rating,is_new_version,parent_product_id
p_0001,桌面陪伴机器人 alarm+music_playback版,hardware_device,desktop_robot_v1,2026-04-22,1493.85,680,plastic,white,cute,standard,2.32,alarm|music_playback|emotion_companion|desktop_decoration,solo_founders,xiaohongshu,14298,782,97,28,41827.8,0,7,4.63,0,
p_0002,桌面陪伴机器人 music_playback+voice_interaction版,hardware_device,desktop_robot_v1,2026-04-19,1104.15,680,metal,white,classic,M,1.58,music_playback|voice_interaction,students,douyin,11819,584,80,20,22083.0,0,7,4.92,0,
p_0003,桌面陪伴机器人 touch_interaction+voice_interaction版,hardware_device,desktop_robot_v1,2026-04-23,1493.85,680,metal,blue,cute,standard,2.33,touch_interaction|voice_interaction,tech_enthusiasts,xiaohongshu,5630,322,48,9,13444.65,0,3,4.03,0,
p_0004,桌面陪伴机器人 emotion_companion+voice_interaction版,hardware_device,desktop_robot_v1,2026-04-08,1493.85,680,silicone,white,tech,M,1.72,emotion_companion|voice_interaction|desktop_decoration,creators,douyin,16110,1092,161,56,83655.6,0,25,4.68,0,
p_0005,桌面陪伴机器人 emotion_companion+desktop_decoration版,hardware_device,desktop_robot_v1,2026-03-15,1493.85,680,metal,pink,cute,M,1.87,emotion_companion|desktop_decoration|voice_interaction,office_workers,bilibili,5757,408,64,18,26889.3,0,6,4.39,0,
p_0006,桌面陪伴机器人 emotion_companion+music_playback版,hardware_device,desktop_robot_v1,2026-02-10,1104.15,680,paper,black,classic,L,1.05,emotion_companion|music_playback,tech_enthusiasts,bilibili,11985,925,101,40,44166.0,1,11,4.68,1,p_0001
p_0007,桌面陪伴机器人 alarm+emotion_companion版,hardware_device,desktop_robot_v1,2026-02-24,1753.65,680,paper,blue,business,L,0.54,alarm|emotion_companion|voice_interaction,solo_founders,bilibili,7525,449,59,9,15782.85,0,4,3.72,1,p_0001
p_0008,桌面陪伴机器人 music_playback+alarm版,hardware_device,desktop_robot_v1,2026-06-07,1299.0,680,metal,pink,tech,M,2.49,music_playback|alarm|desktop_decoration,tech_enthusiasts,zhihu,15121,1081,149,49,63651.0,0,29,4.07,1,p_0001
p_0009,创作者复盘模板包 revenue_tracker+notion_template版,digital_product,creator_template_pack,2026-04-22,84.15,8,silicone,gray,classic,M,1.48,revenue_tracker|notion_template|ab_test_sheet,tech_enthusiasts,bilibili,4580,209,34,8,673.2,0,5,3.95,0,
p_0010,创作者复盘模板包 revenue_tracker+notion_template版,digital_product,creator_template_pack,2026-05-05,133.65,8,wood,white,minimal,M,0.92,revenue_tracker|notion_template|ab_test_sheet,office_workers,douyin,13040,549,58,21,2806.65,1,12,4.27,0,
p_0011,创作者复盘模板包 revenue_tracker+ab_test_sheet版,digital_product,creator_template_pack,2026-06-10,113.85,8,paper,blue,minimal,S,1.95,revenue_tracker|ab_test_sheet|title_formula|notion_template,tech_enthusiasts,xiaohongshu,7463,326,29,10,1138.5,0,3,4.25,0,
p_0012,创作者复盘模板包 title_formula+weekly_review版,digital_product,creator_template_pack,2026-03-10,113.85,8,fabric,pink,cute,M,1.52,title_formula|weekly_review|revenue_tracker|notion_template,solo_founders,zhihu,5375,321,75,18,2049.3,0,8,4.23,0,
p_0013,创作者复盘模板包 notion_template+revenue_tracker版,digital_product,creator_template_pack,2026-05-04,84.15,8,plastic,pink,business,M,2.01,notion_template|revenue_tracker|title_formula|ab_test_sheet,tech_enthusiasts,douyin,5289,297,34,11,925.65,0,3,4.53,1,p_0009
p_0014,创作者复盘模板包 ab_test_sheet+notion_template版,digital_product,creator_template_pack,2026-04-17,133.65,8,paper,black,minimal,M,0.43,ab_test_sheet|notion_template|weekly_review|revenue_tracker,students,wechat,6759,509,113,45,6014.25,1,25,3.84,0,
p_0015,创作者复盘模板包 notion_template+ab_test_sheet版,digital_product,creator_template_pack,2026-01-23,99.0,8,metal,white,business,standard,0.27,notion_template|ab_test_sheet|weekly_review,solo_founders,bilibili,16743,848,130,50,4950.0,0,17,3.82,1,p_0009
p_0016,创作者复盘模板包 ab_test_sheet+weekly_review版,digital_product,creator_template_pack,2026-04-19,99.0,8,silicone,black,minimal,S,0.71,ab_test_sheet|weekly_review|notion_template,office_workers,bilibili,14248,893,266,98,9702.0,3,42,4.74,0,
p_0017,智能桌面灯 wireless_charging+eye_protection版,home_product,desk_lamp_modern,2026-05-02,199.0,85,silicone,gray,minimal,S,0.95,wireless_charging|eye_protection,creators,zhihu,4917,198,23,5,995.0,0,3,3.87,0,
p_0018,智能桌面灯 timer+wireless_charging版,home_product,desk_lamp_modern,2026-06-02,228.85,85,paper,gray,tech,L,1.4,timer|wireless_charging,solo_founders,bilibili,18371,1044,77,17,3890.45,0,9,4.15,0,
p_0019,智能桌面灯 touch_control+ambient_light版,home_product,desk_lamp_modern,2026-06-13,228.85,85,wood,blue,cute,L,0.87,touch_control|ambient_light|timer|wireless_charging,office_workers,xiaohongshu,14434,576,72,10,2288.5,0,2,4.35,0,
p_0020,智能桌面灯 eye_protection+ambient_light版,home_product,desk_lamp_modern,2026-03-03,169.15,85,plastic,black,tech,S,1.22,eye_protection|ambient_light|timer|touch_control,students,douyin,3792,155,21,3,507.45,0,1,4.89,0,
p_0021,智能桌面灯 touch_control+eye_protection版,home_product,desk_lamp_modern,2026-01-29,169.15,85,aluminum,white,classic,L,1.72,touch_control|eye_protection|ambient_light,solo_founders,xiaohongshu,3434,123,13,4,676.6,0,1,3.98,1,p_0017
p_0022,智能桌面灯 ambient_light+timer版,home_product,desk_lamp_modern,2026-05-27,199.0,85,fabric,blue,cute,standard,1.94,ambient_light|timer,office_workers,douyin,4895,300,28,6,1194.0,0,4,3.99,1,p_0017
p_0023,智能桌面灯 timer+eye_protection版,home_product,desk_lamp_modern,2026-06-12,228.85,85,fabric,black,cute,L,2.05,timer|eye_protection|touch_control,students,zhihu,2793,181,22,3,686.55,0,1,4.62,1,p_0017
p_0024,智能桌面灯 eye_protection+touch_control版,home_product,desk_lamp_modern,2026-05-15,199.0,85,wood,white,business,L,2.21,eye_protection|touch_control,solo_founders,wechat,16148,1035,131,47,9353.0,0,33,4.66,0,
p_0025,效率笔记本 minimal_design+thick_paper版,stationery,notebook_pro,2026-01-24,52.65,12,paper,black,cute,L,0.3,minimal_design|thick_paper,tech_enthusiasts,xiaohongshu,4951,227,24,4,210.6,0,2,4.02,0,
p_0026,效率笔记本 thick_paper+waterproof_cover版,stationery,notebook_pro,2026-02-13,52.65,12,silicone,gray,classic,S,0.37,thick_paper|waterproof_cover|weekly_plan,solo_founders,wechat,9660,350,39,7,368.55,0,3,4.26,0,
p_0027,效率笔记本 weekly_plan+soft_binding版,stationery,notebook_pro,2026-03-30,33.15,12,fabric,black,business,S,0.92,weekly_plan|soft_binding,students,douyin,3713,183,27,8,265.2,0,3,4.24,0,
p_0028,效率笔记本 weekly_plan+minimal_design版,stationery,notebook_pro,2026-03-04,39.0,12,metal,white,business,M,1.99,weekly_plan|minimal_design,tech_enthusiasts,douyin,7150,340,45,19,741.0,0,5,4.23,0,
p_0029,效率笔记本 thick_paper+soft_binding版,stationery,notebook_pro,2026-02-07,44.85,12,plastic,black,classic,L,0.9,thick_paper|soft_binding|minimal_design|weekly_plan,solo_founders,bilibili,7207,252,40,6,269.1,0,1,3.64,0,
p_0030,效率笔记本 weekly_plan+soft_binding版,stationery,notebook_pro,2026-01-26,44.85,12,paper,black,classic,M,1.12,weekly_plan|soft_binding|waterproof_cover|minimal_design,office_workers,zhihu,15959,642,120,19,852.15,0,7,3.94,1,p_0025
p_0031,效率笔记本 minimal_design+soft_binding版,stationery,notebook_pro,2026-02-15,39.0,12,metal,gray,minimal,L,2.21,minimal_design|soft_binding|weekly_plan|thick_paper,solo_founders,wechat,3256,148,23,11,429.0,0,4,4.42,1,p_0025
p_0032,效率笔记本 weekly_plan+minimal_design版,stationery,notebook_pro,2026-06-16,33.15,12,metal,black,cute,M,0.18,weekly_plan|minimal_design|thick_paper|soft_binding,students,douyin,7937,402,46,8,265.2,0,5,4.76,1,p_0025
